Unnamed: 0,number_words_mean,first_fix_duration_mean,fix_duration_mean,fix_number_mean,pupil_mean,fixations_regressions_mean,go_past_time_mean,trt_trial,trial,fix_duration_increase,fix_duration_decrease,first_fix_duration_increase,first_fix_duration_decrease,fix_number_increase,fix_number_decrease,user,session,discarted_x,best,discarted_y,participant,participant_id,discarted
0,7.0,0.1295714,0.28071429999999997,1.2857,3.808,0.4,0.5762,1965.0,18.2,0.5714,0.2857,0.5714,0.2857,0.5714,0.2857,alessio,1,,False,,4 4,participant_4_4,False
1,8.0,0.10625,0.279125,1.0,3.5667,0.3333,0.7443333,2233.0,18.1,0.25,0.625,0.25,0.625,0.25,0.625,alessio,1,,True,,4 4,participant_4_4,False
2,16.0,0.1239375,0.1561875,0.6875,3.6412,0.5833,0.354,2499.0,8.2,0.375,0.5625,0.3125,0.625,0.375,0.5625,alessio,1,,True,,4 4,participant_4_4,False
3,30.0,0.1120333,0.1670333,0.7667,3.6428,0.6667,0.3696667,5011.0,8.1,0.4667,0.5,0.4333,0.5333,0.3,0.6667,alessio,1,,False,,4 4,participant_4_4,False
4,101.0,0.0804059,0.10937619999999999,0.604,3.6162,0.7742,0.2751111,11047.0,14.2,0.3663,0.6238,0.3663,0.6238,0.2871,0.703,alessio,1,,True,,4 4,participant_4_4,False
5,74.0,0.11566219999999999,0.1416892,0.6486,3.5538,0.8163,0.2615714,10485.0,9.1,0.4324,0.5541,0.4189,0.5676,0.3378,0.6486,alessio,1,,True,,4 4,participant_4_4,False
6,59.0,0.1352881,0.1494237,0.6271,3.5027,0.8158,0.2742121,8816.0,9.2,0.4915,0.4915,0.4746,0.5085,0.339,0.6441,alessio,1,,False,,4 4,participant_4_4,False
7,90.0,0.12865559999999998,0.1691111,0.7778,3.5402,0.7746,0.28416359999999996,15220.0,27.2,0.4444,0.5444,0.4222,0.5667,0.3444,0.6444,alessio,1,,True,,4 4,participant_4_4,False
8,73.0,0.1433562,0.2208767,0.9589,3.8089,0.662,0.7128913,16124.0,27.1,0.411,0.5753,0.4521,0.5342,0.3288,0.6575,alessio,1,,False,,4 4,participant_4_4,False
9,2.0,0.075,0.426,2.5,,0.0,0.852,852.0,17.1,0.5,0.0,0.5,0.0,0.5,0.0,alessio,1,,True,,4 4,participant_4_4,False
10,35.0,0.08282859999999999,0.1158857,0.6,3.6082,0.6818,0.3145294,4056.0,17.2,0.4,0.5714,0.3714,0.6,0.3714,0.6,alessio,1,,False,,4 4,participant_4_4,False
11,8.0,0.124125,0.285625,1.125,3.708,0.4,0.5822,2285.0,22.2,0.625,0.25,0.625,0.25,0.5,0.375,alessio,1,,True,,4 4,participant_4_4,False
12,48.0,0.0694583,0.0750208,0.4167,3.605,0.7619,0.2333889,3601.0,22.1,0.3333,0.6458,0.3125,0.6667,0.3125,0.6667,alessio,1,,False,,4 4,participant_4_4,False
13,82.0,0.1024268,0.11706100000000001,0.6341,3.5332,0.7925,0.228,9599.0,4.1,0.4024,0.5854,0.4146,0.5732,0.3415,0.6463,alessio,1,,True,,4 4,participant_4_4,False
14,101.0,0.0868416,0.1003564,0.5743,3.3394,0.7797,0.21503999999999998,10136.0,4.2,0.396,0.5941,0.3762,0.6139,0.3663,0.6238,alessio,1,,False,,4 4,participant_4_4,False
15,106.0,0.1022264,0.1711509,0.8962,3.6206,0.7292,0.3676897,18142.0,24.1,0.434,0.5566,0.3962,0.5943,0.3585,0.6321,alessio,1,,True,,4 4,participant_4_4,False
16,110.0,0.0924273,0.1068364,0.5909,3.5207,0.8182,0.2516909,11752.0,24.2,0.3909,0.6,0.3909,0.6,0.3455,0.6455,alessio,1,,False,,4 4,participant_4_4,False
17,34.0,0.0979118,0.1555,0.7059,3.7181,0.6,0.3789375,5287.0,20.2,0.4118,0.5588,0.4118,0.5588,0.3529,0.6176,alessio,1,,False,,4 4,participant_4_4,False
18,89.0,0.10128090000000001,0.105764,0.5955,3.5636,0.8148,0.23258,9413.0,20.1,0.3708,0.618,0.3708,0.618,0.2921,0.6966,alessio,1,,True,,4 4,participant_4_4,False
19,89.0,0.10134829999999999,0.1317865,0.7191,3.54,0.7538,0.2766809,11729.0,5.1,0.4045,0.5843,0.4382,0.5506,0.3708,0.618,alessio,1,,False,,4 4,participant_4_4,False
20,55.0,0.0794364,0.0930727,0.5818,3.8211,0.7879,0.1895926,5119.0,5.2,0.4,0.5818,0.4,0.5818,0.3818,0.6,alessio,1,,True,,4 4,participant_4_4,False
21,72.0,0.1140833,0.1546806,0.8194,3.4707,0.7167,0.2915714,11137.0,10.2,0.3889,0.5972,0.4306,0.5556,0.3472,0.6389,alessio,1,,True,,4 4,participant_4_4,False
22,93.0,0.1212043,0.142172,0.7097,3.5893,0.7761,0.27344830000000003,13222.0,10.1,0.4194,0.5699,0.3978,0.5914,0.3011,0.6882,alessio,1,,False,,4 4,participant_4_4,False
23,98.0,0.0977449,0.1352551,0.7245,3.4335,0.7222,0.3835769,13255.0,13.2,0.3878,0.602,0.3776,0.6122,0.3265,0.6633,alessio,1,,True,,4 4,participant_4_4,False
24,7.0,0.062,0.09771429999999999,0.5714,3.73,0.2,0.292,684.0,13.1,0.4286,0.4286,0.4286,0.4286,0.4286,0.4286,alessio,1,,False,,4 4,participant_4_4,False
25,136.0,0.0988676,0.1105809,0.5882,3.5952,0.8272,0.2245915,15039.0,21.2,0.4118,0.5809,0.4265,0.5662,0.3603,0.6324,alessio,1,,True,,4 4,participant_4_4,False
26,55.0,0.0873091,0.1094545,0.6,3.4841,0.7353,0.2384074,6020.0,21.1,0.3636,0.6182,0.3818,0.6,0.3455,0.6364,alessio,1,,False,,4 4,participant_4_4,False
27,16.0,0.183375,0.2605,0.8125,3.5967,0.5714,0.8798889000000001,4168.0,12.1,0.3125,0.625,0.375,0.5625,0.3125,0.625,alessio,1,,False,,4 4,participant_4_4,False
28,76.0,0.0845658,0.10756579999999999,0.5789,3.5243,0.7556,0.2424,8175.0,12.2,0.3684,0.6184,0.3947,0.5921,0.3289,0.6579,alessio,1,,True,,4 4,participant_4_4,False
29,14.0,0.10578570000000001,0.12128570000000001,0.6429,3.7775,0.6,0.25175,1698.0,29.2,0.5,0.4286,0.5,0.4286,0.2857,0.6429,alessio,1,,True,,4 4,participant_4_4,False
30,3.0,0.44466669999999997,0.44466669999999997,1.0,3.8967,0.25,0.4753333,1334.0,29.1,0.6667,0.0,0.6667,0.0,0.0,0.6667,alessio,1,,False,,4 4,participant_4_4,False
31,108.0,0.06332410000000001,0.0727407,0.4074,3.5818,0.7778,0.2125385,7856.0,3.1,0.2963,0.6944,0.287,0.7037,0.287,0.7037,alessio,1,,True,,4 4,participant_4_4,False
32,39.0,0.1098974,0.1607436,0.7692,3.6362,0.6452,0.490619,6269.0,3.2,0.4103,0.5641,0.359,0.6154,0.3077,0.6667,alessio,1,,False,,4 4,participant_4_4,False
33,41.0,0.0869756,0.1038293,0.6341,3.5291,0.8519,0.1980455,4257.0,2.1,0.439,0.5366,0.4146,0.561,0.3659,0.6098,alessio,1,,True,,4 4,participant_4_4,False
34,30.0,0.0697667,0.0697667,0.4667,3.5864,0.8,0.1602143,2093.0,2.2,0.3667,0.6,0.3667,0.6,0.3,0.6667,alessio,1,,False,,4 4,participant_4_4,False
35,12.0,0.06941670000000001,0.1041667,0.5833,3.676,0.375,0.43960000000000005,1250.0,1.1,0.25,0.6667,0.25,0.6667,0.25,0.6667,alessio,1,,False,,4 4,participant_4_4,False
36,46.0,0.0876522,0.0938261,0.5435,3.4465,0.6923,0.2390435,4316.0,1.2,0.3478,0.6304,0.3696,0.6087,0.2609,0.7174,alessio,1,,True,,4 4,participant_4_4,False
37,85.0,0.09262350000000001,0.1128118,0.6235,3.3536,0.7963,0.22172730000000002,9589.0,26.2,0.4,0.5882,0.4118,0.5765,0.3412,0.6471,alessio,1,,True,,4 4,participant_4_4,False
38,21.0,0.0714762,0.0929048,0.5238,3.4233,0.6667,0.21677780000000002,1951.0,26.1,0.4286,0.5238,0.381,0.5714,0.381,0.5714,alessio,1,,False,,4 4,participant_4_4,False
39,115.0,0.08454779999999999,0.11373040000000001,0.6522,3.3069,0.7237,0.2571818,13079.0,19.1,0.4,0.5913,0.3913,0.6,0.3739,0.6174,alessio,1,,True,,4 4,participant_4_4,False
40,19.0,0.16226320000000002,0.1727895,0.6842,3.3408,0.7857,0.27358330000000003,3283.0,19.2,0.4211,0.5263,0.4211,0.5263,0.3158,0.6316,alessio,1,,False,,4 4,participant_4_4,False
41,38.0,0.0910263,0.1002368,0.6053,3.4509,0.7917,0.1909545,3809.0,16.2,0.4211,0.5526,0.4211,0.5526,0.3421,0.6316,alessio,1,,False,,4 4,participant_4_4,False
42,21.0,0.0740952,0.0828095,0.4762,3.4944,0.7273,0.2247778,1739.0,16.1,0.381,0.5714,0.381,0.5714,0.3333,0.619,alessio,1,,True,,4 4,participant_4_4,False
43,66.0,0.10406059999999999,0.15922730000000002,0.8182,3.5378,0.6727,0.3838056,10509.0,15.2,0.3939,0.5909,0.4091,0.5758,0.3485,0.6364,alessio,1,,False,,4 4,participant_4_4,False
44,15.0,0.0945333,0.0945333,0.4667,3.5929,0.625,0.2478571,1418.0,15.1,0.2667,0.6667,0.2667,0.6667,0.2667,0.6667,alessio,1,,True,,4 4,participant_4_4,False
45,7.0,0.1211429,0.1211429,0.7143,3.696,0.6667,0.1696,848.0,11.1,0.5714,0.2857,0.5714,0.2857,0.2857,0.5714,alessio,1,,False,,4 4,participant_4_4,False
46,15.0,0.06566670000000001,0.06566670000000001,0.4667,3.49,0.75,0.14071430000000001,985.0,11.2,0.4,0.5333,0.4,0.5333,0.3333,0.6,alessio,1,,True,,4 4,participant_4_4,False
47,2.0,0.2585,0.2585,0.5,3.36,0.0,0.517,517.0,7.1,0.5,0.0,0.5,0.0,0.5,0.0,alessio,1,,True,,4 4,participant_4_4,False
48,47.0,0.048808500000000005,0.0534043,0.383,3.4206,0.6842,0.1725,2510.0,7.2,0.2979,0.6809,0.2979,0.6809,0.2766,0.7021,alessio,1,,False,,4 4,participant_4_4,False
49,28.0,0.0820714,0.0933929,0.5,3.5942,0.6667,0.2304167,2615.0,28.2,0.3214,0.6429,0.3214,0.6429,0.2857,0.6786,alessio,1,,True,,4 4,participant_4_4,False
50,73.0,0.0809041,0.0893425,0.5068,3.5506,0.8421,0.2488788,6522.0,28.1,0.3699,0.6164,0.3699,0.6164,0.3014,0.6849,alessio,1,,False,,4 4,participant_4_4,False
51,58.0,0.0781897,0.0871207,0.5,3.3748,0.7333,0.22012,5053.0,6.1,0.3621,0.6207,0.3621,0.6207,0.3276,0.6552,alessio,1,,False,,4 4,participant_4_4,False
52,57.0,0.0968947,0.1043509,0.5263,3.6511,0.7742,0.2828929,5948.0,6.2,0.386,0.5965,0.4035,0.5789,0.3509,0.6316,alessio,1,,True,,4 4,participant_4_4,False
53,41.0,0.0723415,0.1109268,0.6098,3.56,0.7692,0.3423333,4548.0,30.2,0.3415,0.6341,0.3659,0.6098,0.2683,0.7073,alessio,1,,False,,4 4,participant_4_4,False
54,53.0,0.0659057,0.0659057,0.4151,3.3491,0.8696,0.1648636,3493.0,30.1,0.3585,0.6226,0.3585,0.6226,0.3208,0.6604,alessio,1,,True,,4 4,participant_4_4,False
55,41.0,0.1003659,0.1582683,0.8049,3.7175,0.6471,0.4007,6489.0,23.1,0.3659,0.6098,0.3659,0.6098,0.3171,0.6585,alessio,1,,False,,4 4,participant_4_4,False
56,12.0,0.13558330000000002,0.20591669999999998,1.0,3.7329,0.3846,0.4364286,2471.0,23.2,0.4167,0.5,0.4167,0.5,0.4167,0.5,alessio,1,,True,,4 4,participant_4_4,False
57,120.0,0.125,0.1440333,0.6917,3.4457,0.7857,0.26569119999999996,17284.0,25.1,0.4083,0.5833,0.4167,0.575,0.3417,0.65,alessio,1,,True,,4 4,participant_4_4,False
58,116.0,0.109819,0.15119829999999998,0.8103,3.5988,0.7053,0.3145294,17539.0,25.2,0.4397,0.5517,0.4052,0.5862,0.3448,0.6466,alessio,1,,False,,4 4,participant_4_4,False
0,89.0,0.1609101,0.2091573,1.0,2.4478,0.6889,0.3408594,18615.0,5.1,0.4607,0.5281,0.4607,0.5281,0.3483,0.6404,lorenzo_ciocca,1,,False,,5 5,participant_5_5,False
1,55.0,0.1295636,0.21580000000000002,1.1818,2.3959,0.6364,0.41135140000000003,11869.0,5.2,0.4909,0.4909,0.4364,0.5455,0.4182,0.5636,lorenzo_ciocca,1,,True,,5 5,participant_5_5,False
2,116.0,0.1268448,0.19042240000000002,1.0517,2.3854,0.626,0.3509753,22089.0,25.2,0.4655,0.5259,0.431,0.5603,0.3621,0.6293,lorenzo_ciocca,1,,False,,5 5,participant_5_5,False
3,120.0,0.1199333,0.21270830000000002,1.125,2.3932,0.6324,0.35414999999999996,25525.0,25.1,0.4583,0.5333,0.425,0.5667,0.3583,0.6333,lorenzo_ciocca,1,,True,,5 5,participant_5_5,False
4,8.0,0.148,0.874,3.125,2.4129,0.3077,1.1395714000000001,6992.0,22.2,0.5,0.375,0.375,0.5,0.375,0.5,lorenzo_ciocca,1,,True,,5 5,participant_5_5,False
5,48.0,0.1294375,0.2321458,1.3125,2.3883,0.625,0.4726667,11143.0,22.1,0.4792,0.5,0.4792,0.5,0.3542,0.625,lorenzo_ciocca,1,,False,,5 5,participant_5_5,False
6,108.0,0.1265648,0.1613426,0.8426,2.3532,0.7283,0.2959565,17425.0,3.1,0.4259,0.5648,0.3981,0.5926,0.3519,0.6389,lorenzo_ciocca,1,,False,,5 5,participant_5_5,False
7,39.0,0.13658969999999998,0.21330770000000002,1.2821,2.3409,0.5686,0.30872730000000004,8319.0,3.2,0.4615,0.5128,0.4103,0.5641,0.2821,0.6923,lorenzo_ciocca,1,,True,,5 5,participant_5_5,False
8,12.0,0.1430833,0.2445833,1.0833,2.4086,0.5,0.6361429000000001,2935.0,1.1,0.3333,0.5833,0.4167,0.5,0.3333,0.5833,lorenzo_ciocca,1,,True,,5 5,participant_5_5,False
9,46.0,0.14036959999999998,0.3127826,1.6304,2.3783,0.5658,0.443,14388.0,1.2,0.413,0.5652,0.3913,0.587,0.3261,0.6522,lorenzo_ciocca,1,,False,,5 5,participant_5_5,False
10,115.0,0.13192169999999998,0.21166089999999999,1.0957,2.3718,0.6614,0.4611026,24341.0,19.1,0.4522,0.5391,0.4522,0.5391,0.3652,0.6261,lorenzo_ciocca,1,,True,,5 5,participant_5_5,False
11,19.0,0.1711579,0.4136316,2.0,2.3647,0.5128,0.7122667,7859.0,19.2,0.4211,0.5263,0.4737,0.4737,0.2632,0.6842,lorenzo_ciocca,1,,False,,5 5,participant_5_5,False
12,74.0,0.14635140000000002,0.2000676,0.9324,2.4031,0.6714,0.3265882,14805.0,9.1,0.473,0.5135,0.5135,0.473,0.3243,0.6622,lorenzo_ciocca,1,,True,,5 5,participant_5_5,False
13,59.0,0.1172034,0.15152539999999998,0.8983,2.389,0.7222,0.249325,8940.0,9.2,0.4746,0.5085,0.4576,0.5254,0.3729,0.6102,lorenzo_ciocca,1,,False,,5 5,participant_5_5,False
14,53.0,0.09543399999999999,0.15439619999999998,0.8679,2.397,0.6809,0.3305333,8183.0,30.1,0.4151,0.566,0.4151,0.566,0.3774,0.6038,lorenzo_ciocca,1,,True,,5 5,participant_5_5,False
15,41.0,0.11543899999999999,0.1882195,1.0732,2.3742,0.6222,0.3599231,7717.0,30.2,0.5122,0.4634,0.439,0.5366,0.3902,0.5854,lorenzo_ciocca,1,,False,,5 5,participant_5_5,False
16,15.0,0.1576667,0.24426669999999998,1.0667,2.426,0.5882,0.44310000000000005,3664.0,15.1,0.4,0.5333,0.4667,0.4667,0.3333,0.6,lorenzo_ciocca,1,,True,,5 5,participant_5_5,False
17,66.0,0.1710606,0.3603182,1.9545,2.3774,0.6615,0.5100517,23781.0,15.2,0.4545,0.5303,0.5455,0.4394,0.3939,0.5909,lorenzo_ciocca,1,,False,,5 5,participant_5_5,False
18,41.0,0.1520488,0.3118537,1.6341,2.3856,0.6618,0.4271875,12786.0,23.1,0.4146,0.561,0.5122,0.4634,0.3659,0.6098,lorenzo_ciocca,1,,True,,5 5,participant_5_5,False
19,12.0,0.20133330000000002,0.5643333,2.5,2.395,0.5484,0.7022,6772.0,23.2,0.5,0.4167,0.5,0.4167,0.4167,0.5,lorenzo_ciocca,1,,False,,5 5,participant_5_5,False
20,35.0,0.1490286,0.1966571,1.1429,2.4013,0.6098,0.33356670000000005,6883.0,17.2,0.6,0.3714,0.5143,0.4571,0.2857,0.6857,lorenzo_ciocca,1,,False,,5 5,participant_5_5,False
21,2.0,0.3415,1.3825,5.5,2.345,0.1667,1.599,2765.0,17.1,0.5,0.0,0.0,0.5,0.5,0.0,lorenzo_ciocca,1,,True,,5 5,participant_5_5,False
22,7.0,0.1152857,0.2714286,1.4286,2.465,0.4545,0.51025,1900.0,13.1,0.5714,0.2857,0.5714,0.2857,0.5714,0.2857,lorenzo_ciocca,1,,False,,5 5,participant_5_5,False
23,98.0,0.1327551,0.1936531,1.0918,2.3776,0.6759,0.3281857,18978.0,13.2,0.4898,0.5,0.4796,0.5102,0.3571,0.6327,lorenzo_ciocca,1,,True,,5 5,participant_5_5,False
24,8.0,0.1375,0.325,1.625,2.4267,0.4286,0.7891667,2600.0,18.1,0.5,0.375,0.375,0.5,0.5,0.375,lorenzo_ciocca,1,,True,,5 5,participant_5_5,False
25,7.0,0.1511429,0.2511429,1.0,2.35,0.5,0.48319999999999996,1758.0,18.2,0.5714,0.2857,0.5714,0.2857,0.4286,0.4286,lorenzo_ciocca,1,,False,,5 5,participant_5_5,False
26,30.0,0.0822333,0.1072667,0.6,2.3647,0.6842,0.2234667,3218.0,2.2,0.3667,0.6,0.3333,0.6333,0.3333,0.6333,lorenzo_ciocca,1,,False,,5 5,participant_5_5,False
27,41.0,0.1450976,0.2269512,1.1707,2.4,0.5918,0.3777857,9305.0,2.1,0.4878,0.4878,0.3902,0.5854,0.3902,0.5854,lorenzo_ciocca,1,,True,,5 5,participant_5_5,False
28,3.0,0.1583333,0.7356667,3.0,2.4067,0.2,0.8106667,2207.0,29.1,0.0,0.6667,0.0,0.6667,0.0,0.6667,lorenzo_ciocca,1,,False,,5 5,participant_5_5,False
29,14.0,0.1255,0.2397857,1.3571,2.425,0.45,0.5005,3357.0,29.2,0.4286,0.5,0.4286,0.5,0.3571,0.5714,lorenzo_ciocca,1,,True,,5 5,participant_5_5,False
30,76.0,0.1395395,0.20105260000000003,1.1053,2.3669,0.6471,0.3317241,15280.0,12.2,0.5,0.4868,0.4737,0.5132,0.3421,0.6447,lorenzo_ciocca,1,,False,,5 5,participant_5_5,False
31,16.0,0.1193125,0.138,0.75,2.466,0.5385,0.26580000000000004,2208.0,12.1,0.4375,0.5,0.4375,0.5,0.25,0.6875,lorenzo_ciocca,1,,True,,5 5,participant_5_5,False
32,82.0,0.1196098,0.1677805,1.0,2.3913,0.6506,0.2907273,13758.0,4.1,0.4878,0.5,0.4878,0.5,0.4146,0.5732,lorenzo_ciocca,1,,True,,5 5,participant_5_5,False
33,101.0,0.1309307,0.2194851,1.1188,2.3627,0.6404,0.3901406,22168.0,4.2,0.4554,0.5347,0.4455,0.5446,0.4257,0.5644,lorenzo_ciocca,1,,False,,5 5,participant_5_5,False
34,21.0,0.1261429,0.1801429,1.1429,2.4117,0.64,0.35977780000000004,3783.0,16.1,0.5714,0.381,0.4762,0.4762,0.3333,0.619,lorenzo_ciocca,1,,False,,5 5,participant_5_5,False
35,38.0,0.09857890000000001,0.1334737,0.7895,2.4287,0.6774,0.2372174,5072.0,16.2,0.4474,0.5263,0.4737,0.5,0.3421,0.6316,lorenzo_ciocca,1,,True,,5 5,participant_5_5,False
36,89.0,0.1277416,0.20256180000000001,1.1011,2.365,0.6566,0.3515333,18028.0,20.1,0.4944,0.4944,0.4831,0.5056,0.4045,0.5843,lorenzo_ciocca,1,,True,,5 5,participant_5_5,False
37,34.0,0.0882941,0.1057059,0.5588,2.4367,0.65,0.2496,3594.0,20.2,0.3529,0.6176,0.3529,0.6176,0.2941,0.6765,lorenzo_ciocca,1,,False,,5 5,participant_5_5,False
38,90.0,0.1195778,0.1417333,0.8222,2.3992,0.7333,0.2402623,12756.0,27.2,0.4444,0.5444,0.4667,0.5222,0.3444,0.6444,lorenzo_ciocca,1,,True,,5 5,participant_5_5,False
39,73.0,0.0999041,0.1051507,0.589,2.3688,0.8636,0.212439,7676.0,27.1,0.4247,0.5616,0.4247,0.5616,0.3151,0.6712,lorenzo_ciocca,1,,False,,5 5,participant_5_5,False
40,73.0,0.0843699,0.1150822,0.6849,2.3992,0.7059,0.28592110000000004,8401.0,28.1,0.3836,0.6027,0.3973,0.589,0.3151,0.6712,lorenzo_ciocca,1,,False,,5 5,participant_5_5,False
41,28.0,0.0815,0.0815,0.4643,2.4008,0.7857,0.19223079999999998,2282.0,28.2,0.3571,0.6071,0.3571,0.6071,0.3214,0.6429,lorenzo_ciocca,1,,True,,5 5,participant_5_5,False
42,72.0,0.09966670000000001,0.11425,0.6944,2.3612,0.7059,0.2192619,8226.0,10.2,0.4583,0.5278,0.4444,0.5417,0.4167,0.5694,lorenzo_ciocca,1,,False,,5 5,participant_5_5,False
43,93.0,0.1049677,0.11788169999999999,0.6989,2.3514,0.7727,0.2175,10963.0,10.1,0.4409,0.5484,0.4409,0.5484,0.3441,0.6452,lorenzo_ciocca,1,,True,,5 5,participant_5_5,False
44,57.0,0.1049825,0.1821404,1.0526,2.3809,0.6721,0.3702,10382.0,6.2,0.4561,0.5263,0.4912,0.4912,0.3684,0.614,lorenzo_ciocca,1,,True,,5 5,participant_5_5,False
45,58.0,0.1071897,0.1382069,0.7759,2.4103,0.6957,0.2542857,8016.0,6.1,0.4828,0.5,0.4828,0.5,0.3621,0.6207,lorenzo_ciocca,1,,False,,5 5,participant_5_5,False
46,15.0,0.0984,0.12,0.8,2.4333,0.6154,0.2,1800.0,11.2,0.4,0.5333,0.4,0.5333,0.3333,0.6,lorenzo_ciocca,1,,True,,5 5,participant_5_5,False
47,7.0,0.1285714,0.39057139999999996,2.0,2.372,0.5333,0.5936,2734.0,11.1,0.5714,0.2857,0.5714,0.2857,0.5714,0.2857,lorenzo_ciocca,1,,False,,5 5,participant_5_5,False
48,55.0,0.1119636,0.1275818,0.6909,2.3785,0.7692,0.2477273,7017.0,21.1,0.4,0.5818,0.4,0.5818,0.3455,0.6364,lorenzo_ciocca,1,,True,,5 5,participant_5_5,False
49,136.0,0.1497647,0.2644044,1.3382,2.3661,0.7049,0.43434649999999997,35959.0,21.2,0.4853,0.5074,0.4632,0.5294,0.3897,0.6029,lorenzo_ciocca,1,,False,,5 5,participant_5_5,False
50,85.0,0.09944710000000001,0.13592939999999998,0.7765,2.3586,0.6716,0.26540820000000004,11554.0,26.2,0.4471,0.5412,0.4471,0.5412,0.3765,0.6118,lorenzo_ciocca,1,,True,,5 5,participant_5_5,False
51,21.0,0.1095714,0.1397619,0.7619,2.3817,0.7059,0.2445833,2935.0,26.1,0.3333,0.619,0.4286,0.5238,0.3333,0.619,lorenzo_ciocca,1,,False,,5 5,participant_5_5,False
52,112.0,0.1063393,0.1312857,0.7679,2.4009,0.7241,0.2446765,14704.0,14.1,0.4375,0.5536,0.4464,0.5446,0.3571,0.6339,lorenzo_ciocca,1,,True,,5 5,participant_5_5,False
53,101.0,0.10735639999999999,0.1325248,0.7228,2.3795,0.7568,0.259807,13385.0,14.2,0.4653,0.5248,0.4455,0.5446,0.3762,0.6139,lorenzo_ciocca,1,,False,,5 5,participant_5_5,False
54,47.0,0.1474894,0.16161699999999998,0.8511,2.396,0.6829,0.2750857,7596.0,7.2,0.5106,0.4681,0.5106,0.4681,0.2766,0.7021,lorenzo_ciocca,1,,False,,5 5,participant_5_5,False
55,2.0,0.275,1.009,2.5,2.44,0.3333,1.009,2018.0,7.1,0.5,0.0,0.5,0.0,0.0,0.5,lorenzo_ciocca,1,,True,,5 5,participant_5_5,False
56,106.0,0.1136226,0.2156604,1.1981,2.4073,0.5781,0.43474630000000003,22860.0,24.1,0.4245,0.566,0.4528,0.5377,0.3491,0.6415,lorenzo_ciocca,1,,False,,5 5,participant_5_5,False
57,110.0,0.1117909,0.1494545,0.8182,2.4018,0.7033,0.3424697,16440.0,24.2,0.4364,0.5545,0.4273,0.5636,0.3455,0.6455,lorenzo_ciocca,1,,True,,5 5,participant_5_5,False
58,16.0,0.111875,0.297625,1.8125,2.4727,0.6,0.5026364,4762.0,8.2,0.4375,0.5,0.3125,0.625,0.4375,0.5,lorenzo_ciocca,1,,True,,5 5,participant_5_5,False
59,30.0,0.10693330000000001,0.18359999999999999,0.8,2.4369,0.6,0.3994375,5508.0,8.1,0.4,0.5667,0.4,0.5667,0.3667,0.6,lorenzo_ciocca,1,,False,,5 5,participant_5_5,False
0,41.0,0.1796341,0.6646341,2.7317,2.7097,0.708,1.2626176,27250.0,30.2,0.4634,0.5122,0.4634,0.5122,0.3902,0.5854,tomas,1,,False,,6 6,participant_6_6,False
1,53.0,0.1059623,0.1402264,0.6604,2.7452,0.75,0.2919259,7432.0,30.1,0.4151,0.566,0.3962,0.5849,0.3585,0.6226,tomas,1,,True,,6 6,participant_6_6,False
2,48.0,0.1457917,0.209875,0.9792,2.7452,0.75,0.3951818,10074.0,22.1,0.4792,0.5,0.5,0.4792,0.3958,0.5833,tomas,1,,False,,6 6,participant_6_6,False
3,8.0,0.1105,0.1855,1.125,2.81,0.4,0.2968,1484.0,22.2,0.5,0.375,0.625,0.25,0.5,0.375,tomas,1,,True,,6 6,participant_6_6,False
4,110.0,0.1258273,0.1677727,0.8,2.6745,0.764,0.3052969,18455.0,24.2,0.4455,0.5455,0.4273,0.5636,0.3818,0.6091,tomas,1,,True,,6 6,participant_6_6,False
5,106.0,0.1409623,0.2291038,1.0943,2.678,0.7094,0.410125,24285.0,24.1,0.4057,0.5849,0.3868,0.6038,0.3396,0.6509,tomas,1,,False,,6 6,participant_6_6,False
6,2.0,0.1795,0.3335,1.5,2.91,0.0,0.5585,667.0,7.1,0.0,0.5,0.5,0.0,0.0,0.5,tomas,1,,True,,6 6,participant_6_6,False
7,47.0,0.1191277,0.1435745,0.766,2.7423,0.7027,0.2655161,6748.0,7.2,0.4043,0.5745,0.4255,0.5532,0.2766,0.7021,tomas,1,,False,,6 6,participant_6_6,False
8,89.0,0.1040787,0.1174607,0.5618,2.6718,0.8235,0.2447955,10454.0,5.1,0.382,0.6067,0.382,0.6067,0.3258,0.6629,tomas,1,,False,,6 6,participant_6_6,False
9,55.0,0.1616364,0.2989818,1.4182,2.7067,0.7848,0.4921667,16444.0,5.2,0.4909,0.4909,0.5091,0.4727,0.3091,0.6727,tomas,1,,True,,6 6,participant_6_6,False
10,55.0,0.1377818,0.18994550000000002,0.9091,2.6914,0.8431,0.30825,10447.0,21.1,0.4182,0.5636,0.4,0.5818,0.2909,0.6909,tomas,1,,True,,6 6,participant_6_6,False
11,136.0,0.1343971,0.2100368,0.9706,2.6955,0.812,0.4416548,28565.0,21.2,0.4044,0.5882,0.4265,0.5662,0.3309,0.6618,tomas,1,,False,,6 6,participant_6_6,False
12,38.0,0.1359211,0.2671053,1.1579,2.8342,0.5556,0.5007308,10150.0,16.2,0.5263,0.4474,0.5526,0.4211,0.4211,0.5526,tomas,1,,False,,6 6,participant_6_6,False
13,21.0,0.158381,0.4680476,2.0952,2.8353,0.6444,0.8164,9829.0,16.1,0.4762,0.4762,0.4286,0.5238,0.4286,0.5238,tomas,1,,True,,6 6,participant_6_6,False
14,8.0,0.097875,0.169875,1.0,2.898,0.4444,0.3752,1359.0,18.1,0.5,0.375,0.375,0.5,0.5,0.375,tomas,1,,True,,6 6,participant_6_6,False
15,7.0,0.11314289999999999,0.20485710000000001,0.7143,2.9825,0.5,0.494,1434.0,18.2,0.4286,0.4286,0.4286,0.4286,0.4286,0.4286,tomas,1,,False,,6 6,participant_6_6,False
16,72.0,0.1194306,0.1291528,0.6389,2.6707,0.8298,0.2325238,9299.0,10.2,0.4583,0.5278,0.4444,0.5417,0.3611,0.625,tomas,1,,True,,6 6,participant_6_6,False
17,93.0,0.1306559,0.2146129,1.0538,2.6483,0.7677,0.3645714,19959.0,10.1,0.4624,0.5269,0.4839,0.5054,0.3333,0.6559,tomas,1,,False,,6 6,participant_6_6,False
18,59.0,0.151661,0.3218644,1.3051,2.7155,0.7564,0.5017045,18990.0,9.2,0.4407,0.5424,0.4407,0.5424,0.322,0.661,tomas,1,,False,,6 6,participant_6_6,False
19,74.0,0.1384189,0.1558649,0.7432,2.728,0.8393,0.2532449,11534.0,9.1,0.4459,0.5405,0.4324,0.5541,0.2973,0.6892,tomas,1,,True,,6 6,participant_6_6,False
20,66.0,0.1699697,0.3225455,1.5909,2.7398,0.6792,0.7613922,21288.0,15.2,0.4242,0.5606,0.3636,0.6212,0.3333,0.6515,tomas,1,,False,,6 6,participant_6_6,False
21,15.0,0.1721333,0.33106670000000005,1.4,2.742,0.4091,0.9428,4966.0,15.1,0.4,0.5333,0.4,0.5333,0.3333,0.6,tomas,1,,True,,6 6,participant_6_6,False
22,12.0,0.1694167,1.0621667,4.6667,2.6973,0.4737,1.4181818000000002,12746.0,23.2,0.4167,0.5,0.4167,0.5,0.4167,0.5,tomas,1,,True,,6 6,participant_6_6,False
23,41.0,0.1169024,0.14536590000000002,0.7561,2.7088,0.625,0.43436,5960.0,23.1,0.439,0.5366,0.4878,0.4878,0.2683,0.7073,tomas,1,,False,,6 6,participant_6_6,False
24,2.0,0.1665,0.492,2.5,2.935,0.1667,0.567,984.0,17.1,0.5,0.0,0.5,0.0,0.5,0.0,tomas,1,,True,,6 6,participant_6_6,False
25,35.0,0.0757714,0.13242859999999998,0.7429,2.7162,0.5926,0.508625,4635.0,17.2,0.3429,0.6286,0.4,0.5714,0.3429,0.6286,tomas,1,,False,,6 6,participant_6_6,False
26,115.0,0.11354779999999999,0.1896783,0.8174,2.5739,0.6632,0.4446102,21813.0,19.1,0.4087,0.5826,0.4,0.5913,0.3478,0.6435,tomas,1,,True,,6 6,participant_6_6,False
27,19.0,0.1572105,0.2966316,1.4211,2.6486,0.5,0.4561429,5636.0,19.2,0.4737,0.4737,0.4737,0.4737,0.3684,0.5789,tomas,1,,False,,6 6,participant_6_6,False
28,41.0,0.11282930000000001,0.119122,0.6098,2.8865,0.8462,0.2123478,4884.0,2.1,0.4146,0.561,0.4146,0.561,0.3415,0.6341,tomas,1,,True,,6 6,participant_6_6,False
29,30.0,0.1427667,0.35313330000000004,1.6667,2.6595,0.7059,0.5711905,10594.0,2.2,0.4,0.5667,0.5,0.4667,0.3333,0.6333,tomas,1,,False,,6 6,participant_6_6,False
30,7.0,0.114,0.2362857,1.1429,2.825,0.3333,0.4925,1654.0,13.1,0.4286,0.4286,0.2857,0.5714,0.4286,0.4286,tomas,1,,False,,6 6,participant_6_6,False
31,98.0,0.1205612,0.1422347,0.7245,2.5535,0.8611,0.2442833,13939.0,13.2,0.4388,0.551,0.4388,0.551,0.3163,0.6735,tomas,1,,True,,6 6,participant_6_6,False
32,89.0,0.1229101,0.1534045,0.764,2.6494,0.8261,0.2789636,13653.0,20.1,0.4382,0.5506,0.4382,0.5506,0.3371,0.6517,tomas,1,,True,,6 6,participant_6_6,False
33,34.0,0.1516765,0.2541471,1.2059,2.6304,0.6667,0.4140385,8641.0,20.2,0.4706,0.5,0.4706,0.5,0.3824,0.5882,tomas,1,,False,,6 6,participant_6_6,False
34,101.0,0.11717820000000001,0.15376240000000002,0.7327,2.6251,0.8267,0.2810339,15530.0,4.2,0.4059,0.5842,0.396,0.5941,0.3366,0.6535,tomas,1,,False,,6 6,participant_6_6,False
35,82.0,0.1135488,0.1407683,0.7317,2.6431,0.7869,0.2823542,11543.0,4.1,0.3902,0.5976,0.378,0.6098,0.2683,0.7195,tomas,1,,True,,6 6,participant_6_6,False
36,85.0,0.10511759999999999,0.1189176,0.6235,2.6109,0.8519,0.2185957,10108.0,26.2,0.3765,0.6118,0.3647,0.6235,0.2706,0.7176,tomas,1,,False,,6 6,participant_6_6,False
37,21.0,0.15595240000000002,0.19242859999999998,0.9524,2.6469,0.6667,0.3235,4041.0,26.1,0.4762,0.4762,0.4286,0.5238,0.381,0.5714,tomas,1,,True,,6 6,participant_6_6,False
38,116.0,0.1388793,0.1848966,0.8793,2.5832,0.7767,0.3314545,21448.0,25.2,0.431,0.5603,0.4138,0.5776,0.3103,0.681,tomas,1,,False,,6 6,participant_6_6,False
39,120.0,0.100875,0.13567500000000002,0.6667,2.5698,0.7037,0.3076964,16281.0,25.1,0.3333,0.6583,0.3417,0.65,0.2667,0.725,tomas,1,,True,,6 6,participant_6_6,False
40,108.0,0.0896111,0.13174070000000002,0.6759,2.5973,0.8108,0.294449,14228.0,3.1,0.3148,0.6759,0.3148,0.6759,0.2407,0.75,tomas,1,,False,,6 6,participant_6_6,False
41,39.0,0.13110259999999999,0.1836667,0.9231,2.65,0.6757,0.3856923,7163.0,3.2,0.3846,0.5897,0.4103,0.5641,0.3333,0.641,tomas,1,,True,,6 6,participant_6_6,False
42,112.0,0.1554286,0.27271429999999997,1.3393,2.5842,0.8212,0.4222706,30544.0,14.1,0.5,0.4911,0.4643,0.5268,0.3839,0.6071,tomas,1,,False,,6 6,participant_6_6,False
43,101.0,0.1091485,0.115495,0.6139,2.6643,0.8889,0.2134828,11665.0,14.2,0.396,0.5941,0.4059,0.5842,0.3069,0.6832,tomas,1,,True,,6 6,participant_6_6,False
44,73.0,0.1200274,0.26352050000000005,1.1644,2.755,0.8023,0.5268571,19237.0,27.1,0.3973,0.589,0.3288,0.6575,0.3014,0.6849,tomas,1,,False,,6 6,participant_6_6,False
45,90.0,0.1208778,0.1740111,0.8222,2.6689,0.84,0.2902,15661.0,27.2,0.3778,0.6111,0.3667,0.6222,0.3111,0.6778,tomas,1,,True,,6 6,participant_6_6,False
46,28.0,0.14296430000000002,0.2018929,0.9286,2.7553,0.5926,0.4857895,5653.0,28.2,0.5,0.4643,0.4286,0.5357,0.4286,0.5357,tomas,1,,True,,6 6,participant_6_6,False
47,73.0,0.1014384,0.1623014,0.8493,2.639,0.6825,0.51825,11848.0,28.1,0.3836,0.6027,0.3699,0.6164,0.2877,0.6986,tomas,1,,False,,6 6,participant_6_6,False
48,46.0,0.17669569999999998,0.2377609,1.1087,2.6978,0.7115,0.41975,10937.0,1.2,0.4565,0.5217,0.4783,0.5,0.3043,0.6739,tomas,1,,False,,6 6,participant_6_6,False
49,12.0,0.07991670000000001,0.1049167,0.6667,2.8417,0.2222,0.41,1259.0,1.1,0.3333,0.5833,0.25,0.6667,0.3333,0.5833,tomas,1,,True,,6 6,participant_6_6,False
50,14.0,0.1745,0.22392859999999998,1.1429,2.7425,0.5882,0.3564167,3135.0,29.2,0.4286,0.5,0.4286,0.5,0.2857,0.6429,tomas,1,,True,,6 6,participant_6_6,False
51,3.0,0.3246667,1.8326667,5.0,2.6567,0.25,2.6463332999999998,5498.0,29.1,0.3333,0.3333,0.3333,0.3333,0.0,0.6667,tomas,1,,False,,6 6,participant_6_6,False
52,57.0,0.08454389999999999,0.0990175,0.5263,2.6948,0.7742,0.2778519,5644.0,6.2,0.4035,0.5789,0.386,0.5965,0.3158,0.6667,tomas,1,,True,,6 6,participant_6_6,False
53,58.0,0.1103448,0.1439483,0.7759,2.6891,0.7826,0.2480571,8349.0,6.1,0.431,0.5517,0.4483,0.5345,0.3276,0.6552,tomas,1,,False,,6 6,participant_6_6,False
54,16.0,0.1068125,0.197875,1.125,2.7033,0.5789,0.35177780000000003,3166.0,8.2,0.5,0.4375,0.4375,0.5,0.4375,0.5,tomas,1,,True,,6 6,participant_6_6,False
55,30.0,0.1164333,0.1364,0.7333,2.6417,0.7391,0.2550556,4092.0,8.1,0.4667,0.5,0.4667,0.5,0.4333,0.5333,tomas,1,,False,,6 6,participant_6_6,False
56,15.0,0.0994,0.1222,0.7333,2.7522,0.6667,0.20366669999999998,1833.0,11.2,0.4,0.5333,0.4667,0.4667,0.3333,0.6,tomas,1,,True,,6 6,participant_6_6,False
57,7.0,0.138,0.47142860000000003,2.0,2.726,0.6,0.7298,3300.0,11.1,0.5714,0.2857,0.5714,0.2857,0.5714,0.2857,tomas,1,,False,,6 6,participant_6_6,False
58,76.0,0.1241579,0.13655260000000002,0.6842,2.5977,0.8491,0.2282553,10378.0,12.2,0.4342,0.5526,0.4474,0.5395,0.3026,0.6842,tomas,1,,False,,6 6,participant_6_6,False
59,16.0,0.134,0.2371875,1.1875,2.6936,0.5,0.5148182,3795.0,12.1,0.5625,0.375,0.4375,0.5,0.4375,0.5,tomas,1,,True,,6 6,participant_6_6,False
0,82.0,0.30653660000000005,0.8339756,2.9268,2.2714,0.5892,0.9893289,68386.0,4.1,0.5122,0.4756,0.4878,0.5,0.439,0.5488,antonella,1,,False,,7 7,participant_7_7,False
1,101.0,0.18014850000000002,0.36550499999999997,1.505,2.235,0.549,0.5800625,36916.0,4.2,0.505,0.4851,0.495,0.495,0.4158,0.5743,antonella,1,,True,,7 7,participant_7_7,False
2,72.0,0.2105556,0.35788889999999995,1.3472,2.2129,0.5816,0.5248571,25768.0,10.2,0.4444,0.5417,0.4722,0.5139,0.3333,0.6528,antonella,1,,False,,7 7,participant_7_7,False
3,93.0,0.2290108,0.3806989,1.4516,2.2391,0.6029,0.50795,35405.0,10.1,0.5161,0.4731,0.4839,0.5054,0.3548,0.6344,antonella,1,,True,,7 7,participant_7_7,False
4,46.0,0.1934348,0.3161087,1.2609,2.1928,0.6271,0.5826110999999999,14541.0,1.2,0.3913,0.587,0.413,0.5652,0.3478,0.6304,antonella,1,,False,,7 7,participant_7_7,False
5,12.0,0.09925,0.09925,0.5,2.325,0.7143,0.1985,1191.0,1.1,0.4167,0.5,0.4167,0.5,0.3333,0.5833,antonella,1,,True,,7 7,participant_7_7,False
6,35.0,0.1780286,0.2751714,1.2571,2.1854,0.6444,0.3748929,9631.0,17.2,0.4571,0.5143,0.4571,0.5143,0.2857,0.6857,antonella,1,,False,,7 7,participant_7_7,False
7,2.0,0.4995,0.4995,1.0,2.29,0.3333,0.4995,999.0,17.1,0.0,0.5,0.0,0.5,0.0,0.5,antonella,1,,True,,7 7,participant_7_7,False
8,7.0,0.20457140000000001,0.2497143,1.0,2.28,0.25,0.461,1748.0,13.1,0.4286,0.4286,0.2857,0.5714,0.2857,0.5714,antonella,1,,False,,7 7,participant_7_7,False
9,98.0,0.15019390000000002,0.2178878,0.949,2.1065,0.617,0.39092059999999995,21353.0,13.2,0.4694,0.5204,0.4592,0.5306,0.3571,0.6327,antonella,1,,True,,7 7,participant_7_7,False
10,28.0,0.1521071,0.23278569999999998,1.1429,2.1595,0.6667,0.44059089999999995,6518.0,28.2,0.4286,0.5357,0.5,0.4643,0.3929,0.5714,antonella,1,,True,,7 7,participant_7_7,False
11,73.0,0.0988082,0.1352329,0.6986,2.1403,0.6731,0.4198649,9872.0,28.1,0.411,0.5753,0.4384,0.5479,0.3562,0.6301,antonella,1,,False,,7 7,participant_7_7,False
12,89.0,0.182,0.2732022,1.1685,2.1362,0.6571,0.4039552,24315.0,5.1,0.4831,0.5056,0.4944,0.4944,0.3708,0.618,antonella,1,,False,,7 7,participant_7_7,False
13,55.0,0.1982364,0.2476,0.9818,2.11,0.7455,0.37795,13618.0,5.2,0.4727,0.5091,0.4727,0.5091,0.3273,0.6545,antonella,1,,True,,7 7,participant_7_7,False
14,53.0,0.2004717,0.33737740000000005,1.3208,2.0727,0.6197,0.45646339999999996,17881.0,30.1,0.4906,0.4906,0.4717,0.5094,0.4151,0.566,antonella,1,,True,,7 7,participant_7_7,False
15,41.0,0.1428293,0.20746340000000002,0.9512,2.1186,0.65,0.3576071,8506.0,30.2,0.4146,0.561,0.439,0.5366,0.2683,0.7073,antonella,1,,False,,7 7,participant_7_7,False
16,90.0,0.23938890000000002,0.4236778,1.5667,2.0582,0.6056,0.5475658,38131.0,27.2,0.4333,0.5556,0.4444,0.5444,0.3333,0.6556,antonella,1,,False,,7 7,participant_7_7,False
17,73.0,0.217274,0.384137,1.589,2.0652,0.6496,0.5378033,28042.0,27.1,0.5479,0.4384,0.4932,0.4932,0.3425,0.6438,antonella,1,,True,,7 7,participant_7_7,False
18,89.0,0.26149439999999996,0.4638989,1.7303,2.0727,0.6065,0.6249178000000001,41287.0,20.1,0.4944,0.4944,0.4944,0.4944,0.3933,0.5955,antonella,1,,False,,7 7,participant_7_7,False
19,34.0,0.1349706,0.1832353,0.8235,2.1495,0.6207,0.3181429,6230.0,20.2,0.5,0.4706,0.5294,0.4412,0.3529,0.6176,antonella,1,,True,,7 7,participant_7_7,False
20,21.0,0.197619,0.4564762,1.9048,2.1622,0.6341,0.577,9586.0,26.1,0.5238,0.4286,0.5714,0.381,0.4286,0.5238,antonella,1,,True,,7 7,participant_7_7,False
21,85.0,0.11476470000000001,0.13356469999999998,0.6588,2.1221,0.7193,0.2771667,11353.0,26.2,0.4118,0.5765,0.3765,0.6118,0.2941,0.6941,antonella,1,,False,,7 7,participant_7_7,False
22,41.0,0.16956100000000002,0.3209512,1.3415,2.1648,0.6071,0.45080650000000005,13159.0,2.1,0.4878,0.4878,0.439,0.5366,0.4146,0.561,antonella,1,,True,,7 7,participant_7_7,False
23,30.0,0.1401,0.2353667,1.0,2.1768,0.6452,0.4110526,7061.0,2.2,0.4,0.5667,0.4,0.5667,0.3,0.6667,antonella,1,,False,,7 7,participant_7_7,False
24,41.0,0.1849024,0.26478050000000003,1.2195,2.0885,0.6471,0.3619118,10856.0,23.1,0.4878,0.4878,0.4634,0.5122,0.3171,0.6585,antonella,1,,False,,7 7,participant_7_7,False
25,12.0,0.10425,0.14591669999999998,0.75,2.2283,0.6,0.2918333,1751.0,23.2,0.3333,0.5833,0.4167,0.5,0.3333,0.5833,antonella,1,,True,,7 7,participant_7_7,False
26,15.0,0.1700667,0.1812,0.8,2.1964,0.6154,0.282,2718.0,11.2,0.6,0.3333,0.6,0.3333,0.2667,0.6667,antonella,1,,False,,7 7,participant_7_7,False
27,7.0,0.1678571,0.3928571,1.7143,2.296,0.3077,0.6167999999999999,2750.0,11.1,0.4286,0.4286,0.5714,0.2857,0.4286,0.4286,antonella,1,,True,,7 7,participant_7_7,False
28,108.0,0.1821944,0.307287,1.2593,2.0994,0.6496,0.4752405,33187.0,3.1,0.463,0.5278,0.4722,0.5185,0.3056,0.6852,antonella,1,,False,,7 7,participant_7_7,False
29,39.0,0.1753077,0.2607949,1.0513,2.0689,0.7381,0.3992857,10171.0,3.2,0.4103,0.5641,0.4103,0.5641,0.3333,0.641,antonella,1,,True,,7 7,participant_7_7,False
30,21.0,0.18357140000000002,0.25738099999999997,1.1429,2.07,0.68,0.3601875,5405.0,16.1,0.381,0.5714,0.381,0.5714,0.2857,0.6667,antonella,1,,False,,7 7,participant_7_7,False
31,38.0,0.1463158,0.22365790000000002,1.0789,2.1756,0.5952,0.9677777999999999,8499.0,16.2,0.4737,0.5,0.3684,0.6053,0.3947,0.5789,antonella,1,,True,,7 7,participant_7_7,False
32,74.0,0.2379595,0.3945946,1.4865,2.0352,0.6126,0.5422295,29200.0,9.1,0.4595,0.527,0.4595,0.527,0.3649,0.6216,antonella,1,,False,,7 7,participant_7_7,False
33,59.0,0.1938136,0.2740678,1.0847,2.0252,0.6308,0.4243182,16170.0,9.2,0.4407,0.5424,0.4915,0.4915,0.3051,0.678,antonella,1,,True,,7 7,participant_7_7,False
34,136.0,0.1551618,0.3240809,1.1838,1.9956,0.5802,0.6634051,44075.0,21.2,0.3897,0.6029,0.3529,0.6397,0.3235,0.6691,antonella,1,,True,,7 7,participant_7_7,False
35,55.0,0.1622909,0.2436182,1.0182,2.0419,0.6842,0.390973,13399.0,21.1,0.4364,0.5455,0.4364,0.5455,0.3273,0.6545,antonella,1,,False,,7 7,participant_7_7,False
36,7.0,0.2081429,0.3675714,1.8571,2.2267,0.5714,0.5356666999999999,2573.0,18.2,0.5714,0.2857,0.4286,0.4286,0.4286,0.4286,antonella,1,,False,,7 7,participant_7_7,False
37,8.0,0.1875,0.425125,2.125,2.1886,0.4444,0.8954285999999999,3401.0,18.1,0.375,0.5,0.375,0.5,0.375,0.5,antonella,1,,True,,7 7,participant_7_7,False
38,116.0,0.2503966,0.6956983,2.6724,2.0345,0.6463,0.8865630999999999,80701.0,25.2,0.4397,0.5517,0.4569,0.5345,0.3966,0.5948,antonella,1,,False,,7 7,participant_7_7,False
39,120.0,0.18570830000000002,0.2613917,1.1,2.0221,0.6842,0.3775326,31367.0,25.1,0.475,0.5167,0.4833,0.5083,0.275,0.7167,antonella,1,,True,,7 7,participant_7_7,False
40,15.0,0.16226669999999999,0.21780000000000002,0.9333,2.1118,0.7333,0.297,3267.0,15.1,0.4667,0.4667,0.4667,0.4667,0.4,0.5333,antonella,1,,True,,7 7,participant_7_7,False
41,66.0,0.1617121,0.25077269999999996,1.1515,2.0696,0.7013,0.4313913,16551.0,15.2,0.4848,0.5,0.4697,0.5152,0.3485,0.6364,antonella,1,,False,,7 7,participant_7_7,False
42,47.0,0.1535106,0.19180850000000002,0.8936,2.0512,0.6977,0.38627269999999997,9015.0,7.2,0.4681,0.5106,0.4894,0.4894,0.3191,0.6596,antonella,1,,False,,7 7,participant_7_7,False
43,2.0,0.1335,0.171,1.0,2.16,0.0,0.342,342.0,7.1,0.0,0.5,0.0,0.5,0.0,0.5,antonella,1,,True,,7 7,participant_7_7,False
44,16.0,0.2188125,0.376625,1.6875,2.0469,0.5357,0.5058462,6026.0,8.2,0.5625,0.375,0.4375,0.5,0.3125,0.625,antonella,1,,False,,7 7,participant_7_7,False
45,30.0,0.1903667,0.2695,1.2,2.0561,0.5946,0.4963913,8085.0,8.1,0.4333,0.5333,0.4333,0.5333,0.4,0.5667,antonella,1,,True,,7 7,participant_7_7,False
46,16.0,0.1914375,0.38525,1.6875,2.0714,0.6071,0.4652857,6164.0,12.1,0.5,0.4375,0.4375,0.5,0.4375,0.5,antonella,1,,False,,7 7,participant_7_7,False
47,76.0,0.1630921,0.23525,1.0526,2.0469,0.642,0.3870769,17879.0,12.2,0.4868,0.5,0.5,0.4868,0.3553,0.6316,antonella,1,,True,,7 7,participant_7_7,False
48,106.0,0.2024245,0.3121698,1.2453,1.9913,0.7068,0.4528353,33090.0,24.1,0.4528,0.5377,0.4528,0.5377,0.3491,0.6415,antonella,1,,False,,7 7,participant_7_7,False
49,110.0,0.1473818,0.2192182,0.8909,2.0314,0.7273,0.4050769,24114.0,24.2,0.4364,0.5545,0.4545,0.5364,0.3182,0.6727,antonella,1,,True,,7 7,participant_7_7,False
50,58.0,0.1346379,0.1724138,0.8103,2.0154,0.7083,0.30360000000000004,10000.0,6.1,0.431,0.5517,0.3966,0.5862,0.3793,0.6034,antonella,1,,False,,7 7,participant_7_7,False
51,57.0,0.173193,0.2214035,0.9474,2.0458,0.6727,0.39842500000000003,12620.0,6.2,0.5088,0.4737,0.5088,0.4737,0.3158,0.6667,antonella,1,,True,,7 7,participant_7_7,False
52,101.0,0.1832277,0.2949703,1.2574,2.0231,0.6484,0.41775639999999997,29792.0,14.2,0.4257,0.5644,0.4356,0.5545,0.2772,0.7129,antonella,1,,True,,7 7,participant_7_7,False
53,112.0,0.1816071,0.3389286,1.2768,2.0571,0.6111,0.5752564,37960.0,14.1,0.4643,0.5268,0.4554,0.5357,0.3839,0.6071,antonella,1,,False,,7 7,participant_7_7,False
54,14.0,0.1655,0.2286429,1.0,2.183,0.6667,0.3968,3201.0,29.2,0.3571,0.5714,0.3571,0.5714,0.3571,0.5714,antonella,1,,True,,7 7,participant_7_7,False
55,3.0,0.2666667,0.339,1.3333,2.2867,0.4,0.339,1017.0,29.1,0.3333,0.3333,0.6667,0.0,0.0,0.6667,antonella,1,,False,,7 7,participant_7_7,False
56,115.0,0.1731043,0.2725826,1.0957,2.044,0.7008,0.465775,31347.0,19.1,0.3826,0.6087,0.3739,0.6174,0.313,0.6783,antonella,1,,True,,7 7,participant_7_7,False
57,19.0,0.15226320000000002,0.2456842,0.8947,2.1836,0.6111,0.4243636,4668.0,19.2,0.5263,0.4211,0.4737,0.4737,0.4211,0.5263,antonella,1,,False,,7 7,participant_7_7,False
58,8.0,0.1,0.24175,1.0,2.1675,0.3333,0.4835,1934.0,22.2,0.5,0.375,0.5,0.375,0.375,0.5,antonella,1,,True,,7 7,participant_7_7,False
59,48.0,0.1373958,0.1690625,0.7917,2.0963,0.7179,0.2946667,8115.0,22.1,0.4583,0.5208,0.4375,0.5417,0.3333,0.6458,antonella,1,,False,,7 7,participant_7_7,False
0,73.0,0.1176164,0.1544795,0.7671,2.8979,0.7193,0.3646512,11277.0,28.1,0.4247,0.5616,0.411,0.5753,0.3288,0.6575,mohammed,1,,False,,8 8,participant_8_8,False
1,28.0,0.1224286,0.15725,0.7857,2.8747,0.5652,0.3291765,4403.0,28.2,0.4643,0.5,0.5,0.4643,0.3929,0.5714,mohammed,1,,True,,8 8,participant_8_8,False
2,41.0,0.11119509999999999,0.1441463,0.8049,2.9062,0.6765,0.2490769,5910.0,2.1,0.4878,0.4878,0.4878,0.4878,0.3659,0.6098,mohammed,1,,True,,8 8,participant_8_8,False
3,30.0,0.1175333,0.2261,1.1,2.8553,0.6471,0.4521053,6783.0,2.2,0.4333,0.5333,0.4333,0.5333,0.4333,0.5333,mohammed,1,,False,,8 8,participant_8_8,False
4,120.0,0.14695830000000001,0.1927583,0.9333,2.7849,0.7168,0.32313099999999995,23131.0,25.1,0.4917,0.5,0.45,0.5417,0.325,0.6667,mohammed,1,,False,,8 8,participant_8_8,False
5,116.0,0.1332931,0.1455776,0.6897,2.8097,0.7654,0.2725915,16887.0,25.2,0.4483,0.5431,0.4397,0.5517,0.3448,0.6466,mohammed,1,,True,,8 8,participant_8_8,False
6,108.0,0.1299352,0.1779722,0.8611,2.7446,0.7234,0.3231791,19221.0,3.1,0.4444,0.5463,0.463,0.5278,0.3519,0.6389,mohammed,1,,True,,8 8,participant_8_8,False
7,39.0,0.1015128,0.1232821,0.641,2.77,0.7308,0.25,4808.0,3.2,0.4103,0.5641,0.4103,0.5641,0.3333,0.641,mohammed,1,,False,,8 8,participant_8_8,False
8,115.0,0.11685219999999999,0.1539826,0.8087,2.7189,0.7447,0.2778451,17708.0,19.1,0.4348,0.5565,0.4435,0.5478,0.3391,0.6522,mohammed,1,,False,,8 8,participant_8_8,False
9,19.0,0.1446842,0.22152629999999998,1.1053,2.8033,0.7273,0.3778333,4209.0,19.2,0.4211,0.5263,0.4737,0.4737,0.3158,0.6316,mohammed,1,,True,,8 8,participant_8_8,False
10,7.0,0.1285714,0.2201429,0.8571,2.9633,0.4286,0.7026667,1541.0,18.2,0.4286,0.4286,0.2857,0.5714,0.4286,0.4286,mohammed,1,,False,,8 8,participant_8_8,False
11,8.0,0.15725,0.595875,2.375,2.87,0.25,1.0084,4767.0,18.1,0.375,0.5,0.5,0.375,0.375,0.5,mohammed,1,,True,,8 8,participant_8_8,False
12,93.0,0.1378172,0.1741075,0.8495,2.6756,0.75,0.2782581,16192.0,10.1,0.4301,0.5591,0.4516,0.5376,0.3011,0.6882,mohammed,1,,False,,8 8,participant_8_8,False
13,72.0,0.1071667,0.1247778,0.6806,2.7667,0.7,0.2381429,8984.0,10.2,0.4583,0.5278,0.4444,0.5417,0.3611,0.625,mohammed,1,,True,,8 8,participant_8_8,False
14,3.0,0.2026667,0.4526667,2.6667,2.845,0.3333,0.6443333,1358.0,29.1,0.3333,0.3333,0.3333,0.3333,0.3333,0.3333,mohammed,1,,False,,8 8,participant_8_8,False
15,14.0,0.1799286,0.2489286,1.0714,2.8473,0.625,0.3342727,3485.0,29.2,0.2857,0.6429,0.4286,0.5,0.2857,0.6429,mohammed,1,,True,,8 8,participant_8_8,False
16,34.0,0.1306176,0.1852941,0.7647,2.7167,0.5926,0.3888333,6300.0,20.2,0.4706,0.5,0.4412,0.5294,0.4412,0.5294,mohammed,1,,False,,8 8,participant_8_8,False
17,89.0,0.1099551,0.1238876,0.618,2.7038,0.7857,0.2524375,11026.0,20.1,0.4045,0.5843,0.382,0.6067,0.3596,0.6292,mohammed,1,,True,,8 8,participant_8_8,False
18,12.0,0.2235833,0.74925,3.5,2.7742,0.4884,0.8674167,8991.0,23.2,0.5,0.4167,0.4167,0.5,0.3333,0.5833,mohammed,1,,False,,8 8,participant_8_8,False
19,41.0,0.1345122,0.1609024,0.8293,2.6685,0.7429,0.2505185,6597.0,23.1,0.4146,0.561,0.3902,0.5854,0.3659,0.6098,mohammed,1,,True,,8 8,participant_8_8,False
20,101.0,0.1160099,0.146297,0.7228,2.6125,0.7432,0.287375,14776.0,4.2,0.4059,0.5842,0.4455,0.5446,0.3465,0.6436,mohammed,1,,False,,8 8,participant_8_8,False
21,82.0,0.0982683,0.107122,0.5122,2.6787,0.814,0.2488947,8784.0,4.1,0.378,0.6098,0.3659,0.622,0.3049,0.6829,mohammed,1,,True,,8 8,participant_8_8,False
22,57.0,0.10219299999999999,0.11140349999999999,0.5965,2.6829,0.8,0.2239032,6350.0,6.2,0.4912,0.4912,0.4912,0.4912,0.3333,0.6491,mohammed,1,,False,,8 8,participant_8_8,False
23,58.0,0.1056034,0.1243103,0.6552,2.637,0.7436,0.2573636,7210.0,6.1,0.431,0.5517,0.431,0.5517,0.4138,0.569,mohammed,1,,True,,8 8,participant_8_8,False
24,48.0,0.0948125,0.1071458,0.625,2.7131,0.6774,0.2420385,5143.0,22.1,0.4167,0.5625,0.3958,0.5833,0.3125,0.6667,mohammed,1,,False,,8 8,participant_8_8,False
25,8.0,0.118625,0.52075,1.25,2.6867,0.1818,1.483,4166.0,22.2,0.375,0.5,0.25,0.625,0.375,0.5,mohammed,1,,True,,8 8,participant_8_8,False
26,15.0,0.1751333,0.31139999999999995,1.5333,2.6667,0.5833,0.4475833,4671.0,11.2,0.4667,0.4667,0.5333,0.4,0.4,0.5333,mohammed,1,,True,,8 8,participant_8_8,False
27,7.0,0.0975714,0.1368571,0.7143,2.6667,0.3333,0.3193333,958.0,11.1,0.2857,0.5714,0.2857,0.5714,0.2857,0.5714,mohammed,1,,False,,8 8,participant_8_8,False
28,76.0,0.1478158,0.1894605,0.8684,2.5649,0.7761,0.32941180000000003,14399.0,12.2,0.4605,0.5263,0.4737,0.5132,0.3684,0.6184,mohammed,1,,True,,8 8,participant_8_8,False
29,16.0,0.138125,0.157375,0.75,2.572,0.6154,0.2944,2518.0,12.1,0.5625,0.375,0.5625,0.375,0.375,0.5625,mohammed,1,,False,,8 8,participant_8_8,False
30,30.0,0.1447333,0.16663329999999998,0.7667,2.6194,0.7917,0.2718947,4999.0,8.1,0.4,0.5667,0.4,0.5667,0.3333,0.6333,mohammed,1,,True,,8 8,participant_8_8,False
31,16.0,0.1355,0.271375,1.25,2.516,0.6667,0.4342,4342.0,8.2,0.4375,0.5,0.4375,0.5,0.375,0.5625,mohammed,1,,False,,8 8,participant_8_8,False
32,90.0,0.1343889,0.1556111,0.7444,2.659,0.8088,0.24696610000000002,14005.0,27.2,0.4222,0.5667,0.4222,0.5667,0.3222,0.6667,mohammed,1,,True,,8 8,participant_8_8,False
33,73.0,0.1187534,0.14420550000000001,0.6301,2.6165,0.766,0.3178378,10527.0,27.1,0.3562,0.6301,0.3562,0.6301,0.274,0.7123,mohammed,1,,False,,8 8,participant_8_8,False
34,110.0,0.1307364,0.1739364,0.8091,2.4958,0.7556,0.3338182,19133.0,24.2,0.4455,0.5455,0.4182,0.5727,0.3455,0.6455,mohammed,1,,True,,8 8,participant_8_8,False
35,106.0,0.1100283,0.1455189,0.7075,2.6711,0.75,0.3523036,15425.0,24.1,0.3962,0.5943,0.4057,0.5849,0.2925,0.6981,mohammed,1,,False,,8 8,participant_8_8,False
36,15.0,0.13613329999999998,0.1505333,0.7333,2.62,0.75,0.2258,2258.0,15.1,0.5333,0.4,0.5333,0.4,0.3333,0.6,mohammed,1,,True,,8 8,participant_8_8,False
37,66.0,0.1330909,0.1838788,0.8788,2.4784,0.7458,0.3314651,12136.0,15.2,0.5,0.4848,0.4848,0.5,0.3333,0.6515,mohammed,1,,False,,8 8,participant_8_8,False
38,38.0,0.11068420000000001,0.1501316,0.8684,2.7156,0.6471,0.53032,5705.0,16.2,0.3947,0.5789,0.4474,0.5263,0.3158,0.6579,mohammed,1,,True,,8 8,participant_8_8,False
39,21.0,0.0848571,0.098381,0.5238,2.763,0.6667,0.2324,2066.0,16.1,0.2381,0.7143,0.2381,0.7143,0.1905,0.7619,mohammed,1,,False,,8 8,participant_8_8,False
40,2.0,0.2755,0.8875,3.0,2.77,0.2857,1.0545,1775.0,7.1,0.0,0.5,0.0,0.5,0.0,0.5,mohammed,1,,False,,8 8,participant_8_8,False
41,47.0,0.1159574,0.1285532,0.6809,2.6889,0.6667,0.2482857,6042.0,7.2,0.4255,0.5532,0.4255,0.5532,0.2979,0.6809,mohammed,1,,True,,8 8,participant_8_8,False
42,55.0,0.1007636,0.10667270000000001,0.5818,2.6538,0.8485,0.2023103,5867.0,5.2,0.4182,0.5636,0.4182,0.5636,0.3273,0.6545,mohammed,1,,True,,8 8,participant_8_8,False
43,89.0,0.1312809,0.1634157,0.7416,2.4694,0.791,0.2984717,14544.0,5.1,0.4382,0.5506,0.427,0.5618,0.3483,0.6404,mohammed,1,,False,,8 8,participant_8_8,False
44,74.0,0.13171619999999998,0.14748650000000002,0.6892,2.5391,0.8077,0.2696136,10914.0,9.1,0.3919,0.5946,0.3919,0.5946,0.3243,0.6622,mohammed,1,,False,,8 8,participant_8_8,False
45,59.0,0.1070678,0.118661,0.5932,2.4971,0.8333,0.22583869999999998,7001.0,9.2,0.3729,0.6102,0.3729,0.6102,0.339,0.6441,mohammed,1,,True,,8 8,participant_8_8,False
46,85.0,0.1202706,0.1476118,0.7647,2.5647,0.8182,0.2723019,12547.0,26.2,0.4235,0.5647,0.4235,0.5647,0.3176,0.6706,mohammed,1,,True,,8 8,participant_8_8,False
47,21.0,0.11266670000000001,0.12495239999999999,0.5714,2.6164,0.7692,0.2628182,2624.0,26.1,0.381,0.5714,0.3333,0.619,0.3333,0.619,mohammed,1,,False,,8 8,participant_8_8,False
48,2.0,0.1835,0.7085,3.0,2.61,0.1429,0.8085,1417.0,17.1,0.5,0.0,0.0,0.5,0.5,0.0,mohammed,1,,True,,8 8,participant_8_8,False
49,35.0,0.1132286,0.18365710000000002,1.0,2.4848,0.5556,0.3489565,6428.0,17.2,0.4,0.5714,0.4571,0.5143,0.3143,0.6571,mohammed,1,,False,,8 8,participant_8_8,False
50,112.0,0.1012946,0.1494375,0.6696,2.428,0.7895,0.4017273,16737.0,14.1,0.3482,0.6429,0.3482,0.6429,0.3036,0.6875,mohammed,1,,False,,8 8,participant_8_8,False
51,101.0,0.083297,0.1220198,0.604,2.6895,0.7581,0.3614762,12324.0,14.2,0.297,0.6931,0.297,0.6931,0.2673,0.7228,mohammed,1,,True,,8 8,participant_8_8,False
52,46.0,0.1343261,0.1720217,0.913,2.635,0.5814,0.3820625,7913.0,1.2,0.4565,0.5217,0.4565,0.5217,0.2826,0.6957,mohammed,1,,False,,8 8,participant_8_8,False
53,12.0,0.09033329999999999,0.1778333,1.0,2.7117,0.4615,0.4835,2134.0,1.1,0.4167,0.5,0.3333,0.5833,0.4167,0.5,mohammed,1,,True,,8 8,participant_8_8,False
54,7.0,0.0904286,0.2452857,1.1429,2.4675,0.5556,0.42925,1717.0,13.1,0.4286,0.4286,0.4286,0.4286,0.4286,0.4286,mohammed,1,,False,,8 8,participant_8_8,False
55,98.0,0.0953469,0.13328569999999998,0.6939,2.5555,0.7246,0.29117649999999995,13062.0,13.2,0.3469,0.6429,0.3776,0.6122,0.3061,0.6837,mohammed,1,,True,,8 8,participant_8_8,False
56,136.0,0.10418380000000001,0.1240882,0.625,2.4072,0.8256,0.2774648,16876.0,21.2,0.4191,0.5735,0.3971,0.5956,0.3235,0.6691,mohammed,1,,False,,8 8,participant_8_8,False
57,55.0,0.0847455,0.0960909,0.4727,2.6217,0.7778,0.2515652,5285.0,21.1,0.3818,0.6,0.3455,0.6364,0.2909,0.6909,mohammed,1,,True,,8 8,participant_8_8,False
58,41.0,0.1033415,0.1033415,0.439,2.5894,0.8947,0.2353889,4237.0,30.2,0.3659,0.6098,0.3659,0.6098,0.3171,0.6585,mohammed,1,,False,,8 8,participant_8_8,False
59,53.0,0.0795472,0.1081698,0.566,2.4395,0.7742,0.2772727,5733.0,30.1,0.3208,0.6604,0.3208,0.6604,0.283,0.6981,mohammed,1,,True,,8 8,participant_8_8,False
